<?xml version="1.0" encoding="UTF-8"?>
<metadata xml:lang="en"><Esri><CreaDate>20220630</CreaDate><CreaTime>11401800</CreaTime><ArcGISFormat>1.0</ArcGISFormat><SyncOnce>TRUE</SyncOnce><DataProperties><lineage><Process ToolSource="c:\program files (x86)\arcgis\desktop10.5\ArcToolbox\Toolboxes\Spatial Analyst Tools.tbx\ExtractMultiValuesToPoints" Date="20220630" Time="114018">ExtractMultiValuesToPoints Ecology_Plots_2021_ALL "bac_ge_3_2017.tif bac_ge_3_2;bah_ge_3_2017.tif bah_ge_3_2;cancov_2017.tif cancov_201;stph_ge_25_2017.tif stph_ge_26;tph_ge_3_2017.tif tph_ge_3_2;tphc_ge_3_2017.tif tphc_ge_31;tphh_ge_3_2017.tif tphh_ge_31" BILINEAR</Process></lineage></DataProperties></Esri></metadata>
